Workbook

Sheet units
A1: id | B1: display_name | C1: max_health | D1: attack_damage | E1: attack_interval_sec | F1: attack_range_units | G1: attack_range_structures | H1: walk_speed | I1: engage_radius | J1: recruit_coins | K1: upkeep_coins_per_day | L1: dps | M1: ttk_vs_militia_sec | N1: ttk_vs_orc_sec | O1: coins_per_hp
A2: militia | B2: Ополчение | C2: 12 | D2: 5 | E2: 1.1 | F2: 1.4 | G2: 2.6 | H2: 1.5 | I2: 7 | J2: 25 | K2: 1 | L2: =IFERROR(D2/E2,0) | M2: =IFERROR(CEILING($C$2/D2,1)*E2,0) | N2: =IFERROR(CEILING($C$3/D2,1)*E2,0) | O2: =IFERROR(J2/C2,0)
A3: orc | B3: Орк | C3: 20 | D3: 4 | E3: 1.2 | F3: 1.4 | G3: 3 | H3: 1.3 | I3: 6 | J3: 0 | K3: 0 | L3: =IFERROR(D3/E3,0) | M3: =IFERROR(CEILING($C$2/D3,1)*E3,0) | N3: =IFERROR(CEILING($C$3/D3,1)*E3,0) | O3: =IFERROR(J3/C3,0)
A5: Жёлтые ячейки — правишь ты. Серые считаются формулами: их можно смотреть, но менять бессмысленно.
A6: Колонки id и display_name читает код. Порядок колонок не важен — импортёр ищет их по названию, лишние колонки игнорирует.
A7: Добавить нового юнита = добавить строку. Но код узнает о нём только когда для него появится тип в игре.

Sheet economy
A1: key | B1: value | C1: comment
A2: army_max_size | B2: 20 | C2: Общий предел армии по всем группам
A3: raid_interval_seconds | B3: 90 | C3: Через сколько секунд портал шлёт следующий набег
A4: raid_base_size | B4: 2 | C4: Размер набега на первый день
A5: raid_days_per_extra_raider | B5: 3 | C5: Каждые N дней в набеге на одного орка больше
A6: raid_max_size | B6: 8 | C6: Потолок размера набега
A7: portal_max_health | B7: 320 | C7: Запас прочности портала
A8: defence_attack_interval_seconds | B8: 1 | C8: Как часто бьёт здание с защитой (стена/башня/казармы/ворота)
A9: defence_attack_range_meters | B9: 6 | C9: Радиус обстрела здания с защитой
A10: day_length_seconds | B10: 120 | C10: Длина игрового дня в реальных секундах
A11: coins_per_citizen_per_day_at_max_tax | B11: 0.5 | C11: Монет с жителя в день при налоге 100%
A12: decay_per_day_at_level1 | B12: 0.02 | C12: Ветхость в день у здания 1 уровня; делится на уровень
A13: decay_penalty_threshold | B13: 0.7 | C13: С какой ветхости начинает падать производство
... A17: stone_per_rock | B17: 4 | C17: Камня за один валун вручную
A19: Ключи в колонке key читает код: переименование = потерянная настройка (импорт напишет об этом ошибкой).

Sheet сводка
A1: Дуэль: ополченец против орка
A2: Орк убивает ополченца за, сек | B2: =units!M3 | C2: Меньшее число выигрывает дуэль.
A3: Ополченец убивает орка за, сек | B3: =units!N2
A4: Кто выигрывает 1 на 1 | B4: =IF(units!M3<units!N2,"орк","ополченец") | C4: По задумке — орк.
A5: Сколько ополченцев нужно, чтобы успеть | B5: =CEILING(units!N2/units!M3,1) | C5: Столько бойцов убивают орка быстрее, чем он одного из них.
A7: Экономика армии
A8: Содержание одного бойца, мон./день | B8: =units!K2
A9: Содержание полной армии, мон./день | B9: =units!K2*INDEX(economy!B:B,MATCH("army_max_size",economy!A:A,0)) | C9: При полном кэпе.
A10: Налоговый доход при 20 жителях, мон./день | B10: =20*INDEX(economy!B:B,MATCH("coins_per_citizen_per_day_at_max_tax",economy!A:A,0)) | C10: При налоге 100%.
A11: Хватает ли налога на полную армию | B11: =IF(B10>=B9,"да","нет") | C11: Если нет — армию придётся держать меньше кэпа или поднимать экономику.
A12: Найм полной армии стоит, монет | B12: =units!J2*INDEX(economy!B:B,MATCH("army_max_size",economy!A:A,0)) | C12: Разовая трата.
A14: Штурм портала
A15: Прочность портала | B15: =INDEX(economy!B:B,MATCH("portal_max_health",economy!A:A,0))
A16: Урон группы из 5 ополченцев, в секунду | B16: =5*units!L2
A17: 5 ополченцев ломают портал за, сек | B17: =IFERROR(B15/B16,0) | C17: Без учёта того, что их будут бить.
A18: 10 ополченцев ломают портал за, сек | B18: =IFERROR(B15/(10*units!L2),0)
A20: Набеги
A21: Набег на 1-й день, орков | B21: =INDEX(economy!B:B,MATCH("raid_base_size",economy!A:A,0))
A22: Набег на 10-й день, орков | B22: =MIN(INDEX(economy!B:B,MATCH("raid_max_size",economy!A:A,0)),INDEX(economy!B:B,MATCH("raid_base_size",economy!A:A,0))+INT(9/INDEX(economy!B:B,MATCH("raid_days_per_extra_raider",economy!A:A,0))))
A23: Набег на 30-й день, орков | B23: =MIN(INDEX(economy!B:B,MATCH("raid_max_size",economy!A:A,0)),INDEX(economy!B:B,MATCH("raid_base_size",economy!A:A,0))+INT(29/INDEX(economy!B:B,MATCH("raid_days_per_extra_raider",economy!A:A,0))))
A24: Набегов за игровой день | B24: =INDEX(economy!B:B,MATCH("day_length_seconds",economy!A:A,0))/INDEX(economy!B:B,MATCH("raid_interval_seconds",economy!A:A,0)) | C24: Сколько волн приходит за один день календаря.
A26: Износ зданий
A27: Дней до полного износа, 1 уровень | B27: =1/INDEX(economy!B:B,MATCH("decay_per_day_at_level1",economy!A:A,0)) | C27: После этого здание разрушается.
A28: Дней до полного износа, 3 уровень | B28: =3/INDEX(economy!B:B,MATCH("decay_per_day_at_level1",economy!A:A,0)) | C28: Уровень замедляет износ.
A29: Реальных минут до полного износа, 1 ур. | B29: =B27*INDEX(economy!B:B,MATCH("day_length_seconds",economy!A:A,0))/60
A31: Эта вкладка только считает — правь units и economy, числа здесь пересчитаются сами.
